amenity,lat,lon,name
toilets,-1.3108985,36.78958969999999,
toilets,-1.3132396,36.78482809999999,
toilets,-1.3104929999999997,36.79221309999999,
toilets,-1.3153069999999998,36.7952909,
toilets,-1.3120215,36.7891535,
toilets,-1.3120655999999997,36.7902731,
toilets,-1.3137345,36.785181099999996,
toilets,-1.3137933999999998,36.78567759999999,Makau's Tank
toilets,-1.3135192,36.7888428,
toilets,-1.3155319,36.7837241,Wasup (Multivision)
toilets,-1.3096407999999997,36.7903176,
toilets,-1.3130751999999999,36.7904453,
toilets,-1.3116718,36.7888849,
toilets,-1.3117119999999998,36.7898899,
toilets,-1.3112566,36.7883274,
toilets,-1.3109269,36.78948179999999,
toilets,-1.3087295,36.7850464,Chini ya miti
toilets,-1.3174545,36.7960843,
toilets,-1.3133747999999998,36.7924435,
toilets,-1.3116473999999998,36.7921389,
toilets,-1.3110443999999999,36.790499499999996,
toilets,-1.3171411999999998,36.7955114,
toilets,-1.3102746,36.787092099999995,
toilets,-1.3094189999999999,36.78719530000001,
toilets,-1.3098591999999998,36.7881708,
toilets,-1.3121991,36.794011899999994,Ushirika
toilets,-1.3127074999999997,36.7960546,
toilets,-1.3090449999999998,36.789307699999995,Rukungu CDF Toilet
toilets,-1.3186399,36.795837,
toilets,-1.3185776999999999,36.79610589999999,
toilets,-1.3170872,36.7950678,
toilets,-1.3185927999999998,36.7941303,
toilets,-1.3154243999999997,36.7871994,
toilets,-1.3109522,36.795881,
toilets,-1.3082805,36.789885,
toilets,-1.3143767999999998,36.7851626,
toilets,-1.3149120999999997,36.78682299999999,
toilets,-1.3140068,36.7848175,Tosha II
toilets,-1.3130686,36.7907002,
toilets,-1.3121715,36.7859852,
toilets,-1.3120796,36.7891805,
toilets,-1.3117077,36.7887947,
toilets,-1.3118161,36.7884737,
toilets,-1.3122596,36.78554369999999,
toilets,-1.3119077999999997,36.78874,
toilets,-1.3110571,36.7951774,
toilets,-1.312738,36.79552999999999,
toilets,-1.3150256,36.79661049999999,
toilets,-1.3149015,36.7966081,
toilets,-1.3125603,36.7963982,
toilets,-1.3121885,36.7965751,
toilets,-1.3129572,36.79061389999999,
toilets,-1.3131035,36.78572270000001,
toilets,-1.3116802999999997,36.78630820000001,Stara Clean Bathrooms and Toilets
toilets,-1.318594,36.7949573,
toilets,-1.3178042,36.794612199999996,
toilets,-1.3180036,36.79550179999999,
toilets,-1.3194067,36.7947272,
toilets,-1.3126111,36.7931405,Danida-Amref (Mashimoni)
toilets,-1.3110077,36.7905882,Mashimoni-Amref Toilet
toilets,-1.3104503,36.79224099999999,Mashimoni-Amref Toilet
toilets,-1.3166073000000003,36.79349880000001,Lindi-Toilet
toilets,-1.3133448999999997,36.79321569999999,Amref Mashimoni Toilet
toilets,-1.3106698,36.7898985,Mashimoni-Amref Toilet
toilets,-1.3095874,36.7915437,Mashimoni-Friends
toilets,-1.3134904999999997,36.7931547,Lindi Usafi Bio Center
toilets,-1.3111922999999999,36.789145399999995,
toilets,-1.3146958,36.7837176,
toilets,-1.3108795999999998,36.789585699999996,
toilets,-1.3119696,36.7889793,Pee point
toilets,-1.3086282,36.7897627,Stara Biocentre
toilets,-1.3140021,36.79323279999999,Lindi usafi
toilets,-1.3085313,36.7835312,
toilets,-1.3149205999999998,36.7838804,Wasup
toilets,-1.310386,36.78856939999999,WSUP (Aziza Docka Toilets)
toilets,-1.3097523,36.78767109999999,WSUP (Wahaab Toilet)
toilets,-1.3107178,36.7868425,WSUP (Girls Soccer School)
toilets,-1.3119362,36.78888539999999,WSUP (Dogoo Toilets)
toilets,-1.3099638000000002,36.7874216,WSUP (Halima Toilet)
toilets,-1.3128725999999997,36.787509,WSUP (Amina Ousman Toilets)
toilets,-1.3116681999999997,36.7878542,WSUP (Rhoda Toilets)
toilets,-1.312859,36.7897438,WSUP (Kaido Toilets)
toilets,-1.3094972999999999,36.7872107,WSUP (White House Toilet)
toilets,-1.3094878,36.7891334,WSUP (Zuhura Ahmed Toilets)
toilets,-1.3126264999999997,36.7857504,WSUP(Fatuma toilet)
toilets,-1.3115563999999997,36.789025499999994,WSUP (Aisha Toilet)
toilets,-1.3100916999999999,36.7890389,Kigondi (WSUP)
toilets,-1.3101295,36.7859864,Al Alden ablution block
toilets,-1.3113298,36.7865887,Alaksen Ablution Bloc (WSUP)
toilets,-1.3084036,36.78751019999999,Mohammed faraj (WSUP)
toilets,-1.3106365,36.78738359999999,Halima Ibrahim (WSUP)
toilets,-1.3097746999999997,36.7887284,Maza Fatuma (WSUP)
toilets,-1.3124555,36.7900826,Nema Mohammed (WSUP)
toilets,-1.3098204,36.7879365,Maza Majengo (WSUP)
toilets,-1.3102888,36.790634399999995,Progressive Youth Group (WSUP)
toilets,-1.3130018999999997,36.7896912,
toilets,-1.3085968,36.7898333,Stara Bio-gas Centre
toilets,-1.3135988,36.795642,Ushirika public toilet
toilets,-1.3112001,36.7953906,Plot toilet
toilets,-1.3115743999999998,36.795402499999994,Plot toilet
toilets,-1.3162642999999998,36.7831107,
toilets,-1.3164759,36.7836051,
toilets,-1.3169257999999997,36.7830715,
toilets,-1.3148676,36.7834387,
toilets,-1.3149197999999997,36.78408159999999,
toilets,-1.3149446,36.7865704,
toilets,-1.3150098,36.7848773,
toilets,-1.3151198,36.7855384,
toilets,-1.3151955999999998,36.7882508,
toilets,-1.3152354999999998,36.7860001,
toilets,-1.3152450999999998,36.78651289999999,
toilets,-1.3152501999999997,36.7854201,
toilets,-1.315319,36.7860009,
toilets,-1.3153494,36.7859188,
toilets,-1.3153208999999997,36.7874005,
toilets,-1.3153555,36.7849046,
toilets,-1.3154138999999998,36.7877938,
toilets,-1.3154185,36.783585499999994,
toilets,-1.3154290999999998,36.78725599999999,
toilets,-1.3154393000000002,36.7850785,
toilets,-1.3154421,36.7838525,
toilets,-1.3155247,36.7861842,
toilets,-1.3155766999999998,36.7873601,
toilets,-1.3157470999999998,36.783912599999994,
toilets,-1.3157918999999998,36.7848665,
toilets,-1.3157999,36.7842965,
toilets,-1.3158875,36.78333849999999,
toilets,-1.3159326,36.783916,
toilets,-1.3159361,36.783426799999994,
toilets,-1.3160527999999998,36.784859,
toilets,-1.3161186,36.7835732,
toilets,-1.3135487999999997,36.783239099999996,
toilets,-1.3135546,36.7831313,
toilets,-1.3135603999999999,36.783335799999996,
toilets,-1.3136075,36.783769899999996,
toilets,-1.3136108,36.7837773,
toilets,-1.3136468,36.7837052,
toilets,-1.3136739999999998,36.78399279999999,
toilets,-1.3138013999999996,36.7845314,
toilets,-1.3138234,36.784799,
toilets,-1.3138611999999998,36.7832605,
toilets,-1.3139689999999997,36.7849272,
toilets,-1.3140027999999997,36.78511710000001,
toilets,-1.3141363,36.78301499999999,
toilets,-1.3141369,36.7841959,
toilets,-1.3141491,36.7846545,
toilets,-1.3142445,36.78551399999999,
toilets,-1.314262,36.7849142,
toilets,-1.3142925999999997,36.78396539999999,
toilets,-1.3143487999999999,36.7860645,
toilets,-1.3143790999999998,36.7861373,
toilets,-1.3143882,36.7842912,
toilets,-1.3143929999999997,36.7833377,
toilets,-1.3144258999999998,36.7854259,
toilets,-1.3144721,36.7837627,
toilets,-1.3144758,36.7857234,
toilets,-1.3145345,36.7865401,
toilets,-1.3145221,36.7845135,
toilets,-1.3145280999999998,36.7837199,
toilets,-1.3145477999999997,36.78484949999999,
toilets,-1.3145669,36.7845234,
toilets,-1.3145700999999999,36.78428009999999,
toilets,-1.3146162,36.7856889,
toilets,-1.3146445,36.786624,
toilets,-1.3146943000000002,36.7857341,
toilets,-1.3146722999999998,36.7847391,
toilets,-1.3147153999999999,36.7848151,
toilets,-1.314736,36.7863103,
toilets,-1.3147979,36.7871345,
toilets,-1.3147938,36.78725,
toilets,-1.314836,36.7872064,
toilets,-1.3147972,36.7871976,
toilets,-1.3148663999999999,36.7877119,
toilets,-1.3148751,36.787738,
toilets,-1.3148521,36.7868669,
toilets,-1.3149277,36.7876813,
toilets,-1.3168172,36.79407859999999,
toilets,-1.3108441,36.789452399999995,
toilets,-1.3092282999999998,36.7879683,
toilets,-1.3092432999999999,36.788644999999995,
toilets,-1.308535,36.78660669999999,
toilets,-1.3107728,36.78977220000001,
toilets,-1.3080983,36.7859017,Weka mazingira Sadie toilet
toilets,-1.3085733,36.78615,
toilets,-1.3091532999999997,36.78918829999999,
toilets,-1.30915,36.7887,
toilets,-1.3083749999999998,36.7889483,
toilets,-1.3091667,36.7863767,
toilets,-1.3088749999999998,36.7889983,Riverback
toilets,-1.3087499999999999,36.7892233,
toilets,-1.311307,36.788282599999995,
toilets,-1.3090882999999998,36.7891783,
toilets,-1.3083217999999999,36.7888064,
toilets,-1.3098116999999998,36.7883017,
toilets,-1.3091817,36.78758,
toilets,-1.3102767,36.7873067,
toilets,-1.3101833,36.7880917,
toilets,-1.3107049999999998,36.78788999999999,
toilets,-1.3120749999999999,36.7884733,
toilets,-1.3112167,36.788195,
toilets,-1.311495,36.7873983,
toilets,-1.3113567,36.7867083,
toilets,-1.3117964,36.7882757,
toilets,-1.3120083,36.78636329999999,
toilets,-1.3125316999999999,36.7886167,
toilets,-1.3124917,36.7872617,Riziki kenya
toilets,-1.3125917,36.788735,
toilets,-1.3132917000000002,36.7877383,
toilets,-1.311495,36.7875917,
toilets,-1.3119,36.7877483,
toilets,-1.313457,36.785189,
toilets,-1.3123317000000003,36.7901,
toilets,-1.3131156,36.7852871,
toilets,-1.3129332999999999,36.7844267,
toilets,-1.3132162,36.78492,
toilets,-1.3135150000000002,36.78757,
toilets,-1.3136023,36.7888045,
toilets,-1.3139582999999997,36.787445,
toilets,-1.3130649999999997,36.78490829999999,
toilets,-1.3134832999999997,36.7857883,
toilets,-1.3136167,36.788835,
toilets,-1.3134382999999998,36.78735,
toilets,-1.3139549999999998,36.78745,
toilets,-1.3134476,36.7864083,
toilets,-1.3135583,36.786738,
toilets,-1.3135382999999998,36.7877133,
toilets,-1.3138667,36.78774669999999,
toilets,-1.3144516999999998,36.786935,
toilets,-1.3140849999999997,36.7849333,
toilets,-1.3137782999999998,36.78648999999999,
toilets,-1.3142,36.78593669999999,
toilets,-1.3145207000000003,36.785684399999994,
toilets,-1.31456,36.7865983,
toilets,-1.314035,36.788255,
toilets,-1.3143032999999997,36.785945,
toilets,-1.3148149999999998,36.7858583,
toilets,-1.3140733,36.7875283,
toilets,-1.3147990999999999,36.786896999999996,
toilets,-1.31437,36.78595,
toilets,-1.3140882999999999,36.7865617,
toilets,-1.3147223,36.7871575,
toilets,-1.3144259999999999,36.7868841,
toilets,-1.3143499999999997,36.786346699999996,
toilets,-1.3141998,36.78560629999999,
toilets,-1.3140533,36.785516699999995,
toilets,-1.3151867,36.7866033,
toilets,-1.3144133,36.785985,
toilets,-1.3137132999999999,36.7847,
toilets,-1.3142589,36.78548299999999,
toilets,-1.3142223999999998,36.7854554,
toilets,-1.3142177,36.785473999999994,
toilets,-1.314018,36.7847415,
toilets,-1.312633,36.7920676,
toilets,-1.315265,36.7935833,
toilets,-1.3119967,36.7936983,
toilets,-1.312405,36.7938117,
toilets,-1.3147332999999999,36.79298000000001,
toilets,-1.3118867,36.79371669999999,
toilets,-1.3119717,36.79368,
toilets,-1.3126067,36.7932867,
toilets,-1.3149547999999998,36.791740399999995,
toilets,-1.311975,36.79375,
toilets,-1.3123250000000002,36.7938167,
toilets,-1.3133767,36.791715,
toilets,-1.313455,36.79506169999999,
toilets,-1.3133266999999997,36.796744999999994,
toilets,-1.3163667,36.796171699999995,
toilets,-1.3129782999999997,36.7946633,
toilets,-1.312685,36.792985,
toilets,-1.3135682999999998,36.794349999999994,
toilets,-1.3134199999999998,36.7950383,
toilets,-1.3146186,36.7955579,
toilets,-1.3134382999999998,36.7944917,
toilets,-1.3134717000000002,36.79517499999999,
toilets,-1.3130967,36.7941417,
toilets,-1.3132883,36.7947867,
toilets,-1.3136567,36.79683669999999,
toilets,-1.3139899999999998,36.7964733,
toilets,-1.314025,36.7968933,
toilets,-1.3138483,36.795915,
toilets,-1.3157017,36.79651499999999,
toilets,-1.3151132999999997,36.7968683,
toilets,-1.31472,36.7956867,
toilets,-1.3173650000000001,36.796718299999995,
toilets,-1.3181967000000003,36.7953,
toilets,-1.3156899999999998,36.79265169999999,
toilets,-1.3110583999999998,36.7874693,
toilets,-1.3120466999999998,36.7892367,
toilets,-1.317265,36.79479169999999,
toilets,-1.3169466999999997,36.7951617,
toilets,-1.3172917,36.79611169999999,
toilets,-1.3181232999999999,36.79425669999999,
toilets,-1.3151684,36.793637399999994,
toilets,-1.3144349999999998,36.7852217,
toilets,-1.3115716999999998,36.78661000000001,
toilets,-1.3150699999999997,36.7922317,
toilets,-1.311045,36.7873233,
toilets,-1.312055,36.7892783,
toilets,-1.315735,36.79186829999999,
toilets,-1.3118716999999998,36.78876499999999,
toilets,-1.31195,36.7887767,
toilets,-1.3158026,36.78647049999999,
toilets,-1.3158712,36.78643769999999,
toilets,-1.3143884,36.7855591,
toilets,-1.3156526,36.7858367,
toilets,-1.3120675,36.7893175,
toilets,-1.3143808999999997,36.78536739999999,
toilets,-1.3143543,36.7852224,
toilets,-1.314625,36.7839017,
toilets,-1.3175083,36.78312,
toilets,-1.3095589,36.78503539999999,Juveen youth group
toilets,-1.3095839999999999,36.785304599999996,Nys toilet number 13
toilets,-1.3109425999999997,36.7858344,Nys toilet number 15
toilets,-1.3099087,36.7854304,Shofco Makina clinic
toilets,-1.3091075,36.786175,Pit latrine
toilets,-1.3102618,36.78718959999999,National youth service
toilets,-1.3159417,36.7835583,
toilets,-1.3146332999999997,36.7833667,
toilets,-1.316455,36.78366329999999,
toilets,-1.3146917,36.783179999999994,School Toilets
toilets,-1.3159367,36.7833417,
toilets,-1.3158967,36.7832783,
toilets,-1.3155799999999997,36.78355669999999,Muvi Bio Center
toilets,-1.3155217,36.783495,NYS Toilet Number 113
toilets,-1.3150967,36.78474,School Toilet
toilets,-1.3137016999999998,36.78368999999999,NYS Toilet
toilets,-1.3135199999999998,36.7840483,
toilets,-1.313575,36.7838167,
toilets,-1.3130999999999997,36.7842133,
toilets,-1.312815,36.785026699999996,
toilets,-1.3142932999999999,36.7838983,
toilets,-1.3145217,36.7840483,Plot Toilet
toilets,-1.3141333,36.7846383,Tosha Bio Center
toilets,-1.3136567,36.7843233,
toilets,-1.314095,36.7846,
toilets,-1.3130382999999999,36.7848233,
toilets,-1.3130916999999998,36.7853183,
toilets,-1.3126583,36.785365,
toilets,-1.3131333,36.784929999999996,NYS Toilet Number 106
toilets,-1.3126816999999997,36.785765,NYS Toilet Number 29
toilets,-1.3134416999999998,36.7848617,
toilets,-1.3131299999999997,36.7857367,
toilets,-1.3133817,36.785188299999994,
toilets,-1.3134717000000002,36.7850983,NYS Toilet Number 33
toilets,-1.31395,36.7851,
toilets,-1.3137067,36.78508999999999,
toilets,-1.3083708999999997,36.78467909999999,Al maids self help group
toilets,-1.31438,36.7853667,Pit latrine
toilets,-1.3139633,36.7853083,Plot Toilet
toilets,-1.3139666999999997,36.7854,
toilets,-1.314575,36.7856717,NYS Toilet Number 111
toilets,-1.314555,36.785626699999995,
toilets,-1.3144333,36.785405,
toilets,-1.3147049999999998,36.7852433,
toilets,-1.3133832999999997,36.785826699999994,
toilets,-1.3142499999999997,36.7856317,
toilets,-1.3139766999999998,36.7857067,
toilets,-1.31348,36.785795,NYS Toilet
toilets,-1.314175,36.7855083,
toilets,-1.3139366999999997,36.7857983,
toilets,-1.31432,36.7856733,
toilets,-1.3143832999999998,36.78569,
toilets,-1.3132832999999997,36.786611699999995,Pit Latrine
toilets,-1.3144083,36.7856867,Pit Latrine
toilets,-1.3141183,36.78601329999999,NYS Toilet Number 32
toilets,-1.3137132999999999,36.7864517,
toilets,-1.3135399999999997,36.786688299999994,NYS Toilet Number 103
toilets,-1.3134016999999998,36.78763669999999,
toilets,-1.3111178,36.7872835,Plot toilet
toilets,-1.3136683,36.78636169999999,
toilets,-1.3138849999999997,36.786505,
toilets,-1.3109089999999999,36.7873897,Gogo boys toilet and bathroom
toilets,-1.313465,36.78741999999999,
toilets,-1.3133067,36.787274999999994,
toilets,-1.3106150000000003,36.78788,Youth reform self help group public toilet
toilets,-1.3104202,36.78781159999999,
toilets,-1.3136967,36.787535,
toilets,-1.313715,36.7870117,
toilets,-1.3097863999999997,36.7881069,Good neighborhood toilet
toilets,-1.3143367,36.787081699999995,
toilets,-1.31472,36.7862467,
toilets,-1.3138217,36.78723,
toilets,-1.3137167000000003,36.787575,
toilets,-1.313945,36.78738499999999,
toilets,-1.3139917,36.7876067,
toilets,-1.3140182999999999,36.7876767,
toilets,-1.3096867,36.789495,Riverside
toilets,-1.3140149999999997,36.7877483,
toilets,-1.3144266999999998,36.786803299999995,
toilets,-1.3092288999999997,36.7882053,Plot 10
toilets,-1.3140482999999998,36.7876833,Pit Latrine
toilets,-1.3146633,36.78714,
toilets,-1.3145283,36.786816699999996,NYS Toilet Number 31
toilets,-1.3092266,36.7886862,Plot Toilet
toilets,-1.3091911,36.7892972,Plot Toilet
toilets,-1.30912,36.7885296,Community Toilet
toilets,-1.3092323999999997,36.7883446,River outcast
toilets,-1.3089107,36.78892890000001,
toilets,-1.3147866999999998,36.7865,
toilets,-1.3147783,36.7867183,
toilets,-1.3091458,36.788847999999994,Community Toilet
toilets,-1.3146999999999998,36.78671,
toilets,-1.3090121,36.7893518,Nys toilet number 132
toilets,-1.3084884,36.7879355,NYS toilet number 16
toilets,-1.3082448999999998,36.7887163,Nys toilet number20
toilets,-1.3080443,36.7883879,Plot toilet
toilets,-1.3086612999999998,36.7865002,Kambikuku self help group
toilets,-1.3081233999999997,36.7886203,River side
toilets,-1.3086022999999998,36.7862447,Nys toilet number 101
toilets,-1.3084682999999997,36.78600339999999,Ablution block 9
toilets,-1.3148099999999998,36.7870267,
toilets,-1.3152167,36.786256699999996,
toilets,-1.3159182999999999,36.786604999999994,
toilets,-1.3147817,36.78713,
toilets,-1.3155283000000002,36.7862067,
toilets,-1.3159949999999998,36.7869017,
toilets,-1.3105232,36.79035519999999,Ablution Block
toilets,-1.3105325,36.7904142,
toilets,-1.3110726,36.7902973,
toilets,-1.3112306,36.7902535,
toilets,-1.3113573999999997,36.790795,Ablution Block
toilets,-1.3123669,36.7914725,Hanging Toilet
toilets,-1.3117659000000002,36.792596599999996,NYS Toilet
toilets,-1.3116633,36.7922346,
toilets,-1.3115508,36.7920936,Pit latrine
toilets,-1.3099423999999997,36.7917192,Pit Latrine
toilets,-1.3106453999999998,36.7922991,NYS Toilet
toilets,-1.3107538999999997,36.7924524,NYS Toilet
toilets,-1.3109219,36.79245879999999,Pit Latrine
toilets,-1.3112616,36.7924408,
toilets,-1.3111817999999997,36.7929235,Pit latrine
toilets,-1.3113787,36.792838,Pit latrine
toilets,-1.3111178,36.7930366,Frepals NYS Toilet
toilets,-1.3111517,36.793096399999996,Frepals Latrine
toilets,-1.3124518999999997,36.7924403,
toilets,-1.3126859,36.792497999999995,
toilets,-1.3126594,36.7928032,Mashimoni Ushirika Wausafi
toilets,-1.3127614,36.79280680000001,
toilets,-1.3128677999999998,36.79307649999999,Pit Latrine
toilets,-1.3126704999999999,36.7931388,Pit Latrine
toilets,-1.3114695999999997,36.7969771,English Style Toilet
toilets,-1.3123069999999997,36.7969407,
toilets,-1.3131377999999998,36.796364,Al- Jamaa Group
toilets,-1.3132959,36.7965086,NYS Toilet
toilets,-1.3154966,36.79636000000001,
toilets,-1.3148299999999997,36.79649249999999,
toilets,-1.3149861999999999,36.7964789,Ablution Block
toilets,-1.3138690999999998,36.7956858,
toilets,-1.3133622,36.795285799999995,
toilets,-1.3114533,36.79358,KICEP Pit Latrin
toilets,-1.3108516999999997,36.79321670000001,
toilets,-1.3134099999999997,36.7940933,Trench Toilet
toilets,-1.3133383,36.794008299999994,Pit Latrine
toilets,-1.3136433,36.7942433,Slum Care
toilets,-1.3129949999999997,36.7945433,Kibera Free Methodist Pit Latrine
toilets,-1.3105433000000002,36.793185,
toilets,-1.3103299999999998,36.7931933,Magoso Primary Ablution Block
toilets,-1.31017,36.7930117,Pit Latrine
toilets,-1.3097883,36.7928767,Hanging Toilet
toilets,-1.3097,36.7926167,Pit Latrine
toilets,-1.3096333,36.7923333,
toilets,-1.3119899999999998,36.794025,Plot Toilet
toilets,-1.3116733,36.7953967,Capital One
toilets,-1.3116766999999998,36.7960383,NYS Toilet
toilets,-1.3112532999999997,36.7962517,Laini saba Jua Kali
toilets,-1.3110885999999997,36.795355699999995,Trench Toilet
toilets,-1.3114167,36.794323299999995,
toilets,-1.3127198,36.79172369999999,Ablution Block
toilets,-1.3124914999999997,36.7920827,
toilets,-1.3147633,36.78771,
toilets,-1.3158883,36.7869967,
toilets,-1.3148433,36.787828299999994,
toilets,-1.3147516999999997,36.78804,Four Eighty Four
toilets,-1.31423,36.7881833,
toilets,-1.315705,36.7884017,
toilets,-1.31438,36.78825669999999,
toilets,-1.3145767,36.78813,
toilets,-1.3149433,36.78835829999999,
toilets,-1.3153499999999998,36.788825,
toilets,-1.3149517,36.78920169999999,
toilets,-1.3148382999999997,36.7883133,
toilets,-1.3143866999999998,36.78879169999999,
toilets,-1.3144882999999998,36.78861499999999,
toilets,-1.3143832999999998,36.78892499999999,
toilets,-1.3129733,36.7861566,
toilets,-1.3131274,36.7863038,
toilets,-1.3127976,36.785944,NYS toilet number 27
toilets,-1.3129502999999998,36.7861189,
toilets,-1.3127292999999998,36.78620879999999,Sisi kwa sisi
toilets,-1.3124216,36.786184999999996,
toilets,-1.3123687,36.78620519999999,
toilets,-1.3123761,36.78638,
toilets,-1.3121644,36.7863063,
toilets,-1.3119714999999998,36.7867318,Ford 1
toilets,-1.3117624999999997,36.78701219999999,Kwa reli
toilets,-1.3131664,36.7866949,NYS toilet number 108
toilets,-1.3129189,36.78747169999999,
toilets,-1.3124983,36.7877907,Kwa choo
toilets,-1.3133559,36.7871587,Plot Toilet
toilets,-1.3107077,36.789381199999994,NYS toilet number 21
toilets,-1.313138,36.78783949999999,Uwanjani ground lini saba
toilets,-1.3130897,36.7886253,Kwa hall
toilets,-1.3109819000000003,36.78867819999999,
toilets,-1.3118838,36.788860799999995,NYS toilet number 109
toilets,-1.3126461999999999,36.7885084,Mtini
toilets,-1.3117303,36.78978839999999,Uwanjani
toilets,-1.3120582,36.7883512,Plot Toilet
toilets,-1.3120434,36.7891731,
toilets,-1.3123794,36.78807509999999,Watu moja lee
toilets,-1.3132599999999999,36.7897667,Kwa Sura
toilets,-1.3129425999999997,36.7891437,
toilets,-1.3135358999999998,36.78872809999999,
toilets,-1.3138047,36.788727699999995,Kwa mti
toilets,-1.3136447999999998,36.789657899999995,Church Toilet
toilets,-1.3133886999999997,36.7914682,Lindi central toilet
toilets,-1.3130418999999998,36.791881,NYS toilet 146
toilets,-1.3156443999999998,36.790884,
toilets,-1.3132532999999997,36.7912131,
toilets,-1.3134161,36.7927626,
toilets,-1.3142405,36.79190989999999,
toilets,-1.3143449000000003,36.791874,
toilets,-1.3150461,36.79137639999999,Plot Toilet
toilets,-1.3158317,36.7908667,
toilets,-1.3150705,36.7916135,
toilets,-1.3150948,36.791973999999996,Plot Toilet
toilets,-1.3150153999999998,36.7923402,Nys toilet
toilets,-1.3157684,36.7918573,NYS
toilets,-1.3166051999999997,36.79131859999999,
toilets,-1.3170057,36.7916361,
toilets,-1.3171826,36.7918947,
toilets,-1.3162631,36.7920876,NMS toilet
toilets,-1.3171099,36.7921683,
toilets,-1.3172095999999998,36.7923837,
toilets,-1.3162187000000003,36.792424399999994,
toilets,-1.3160355999999998,36.792389799999995,Plot
toilets,-1.3165393999999997,36.792725499999996,
toilets,-1.3139998,36.7936756,Lindi usafi toilet
toilets,-1.3146682999999997,36.7928736,
toilets,-1.3147404999999999,36.7929898,NYS toilet number 145
toilets,-1.3152431999999998,36.7936206,NYS toilet
toilets,-1.3152164,36.7944289,
toilets,-1.3148713999999997,36.7946466,
toilets,-1.3171535999999997,36.7930348,
toilets,-1.3175868,36.7931086,
toilets,-1.3162232999999999,36.79313319999999,Church Toilet
toilets,-1.3166659999999997,36.7933869,NYS toilet number 72
toilets,-1.3168285999999996,36.794353,
toilets,-1.3169426999999998,36.7944066,
toilets,-1.3177017,36.794187799999996,Savo foundation toilet
toilets,-1.3169095,36.7946923,
toilets,-1.3169627999999998,36.7950828,
toilets,-1.3171478,36.7955871,Kibera disabled group
toilets,-1.317777,36.7946149,
toilets,-1.3194114,36.7946352,
toilets,-1.3176629,36.7956436,
toilets,-1.3187334,36.7947415,
toilets,-1.3176299999999999,36.79513609999999,
toilets,-1.3172536,36.7966097,
toilets,-1.3175900999999999,36.79641899999999,
toilets,-1.3173505,36.7961191,
toilets,-1.3176297,36.7966622,
toilets,-1.3182641,36.7969391,
toilets,-1.3180883,36.7964913,
toilets,-1.3180962999999999,36.79691019999999,
toilets,-1.3126859,36.792497999999995,
toilets,-1.3126594,36.7928032,
toilets,-1.3124518999999997,36.7924403,
toilets,-1.3126704999999999,36.7931388,
toilets,-1.3128677999999998,36.79307649999999,
toilets,-1.3115508,36.7920936,
toilets,-1.3117659000000002,36.792596599999996,
toilets,-1.3113787,36.792838,
toilets,-1.3111817999999997,36.7929235,
toilets,-1.3119899999999998,36.794025,Plot
toilets,-1.312315,36.7946083,Kibera Free Methodist
toilets,-1.3129949999999997,36.7945433,Kibera Free Methodist
toilets,-1.3114533,36.79358,KICEP Toilet
toilets,-1.3114167,36.794323299999995,
toilets,-1.3105232,36.79035519999999,
toilets,-1.3110726,36.7902973,
toilets,-1.3105325,36.7904142,
toilets,-1.3113573999999997,36.790795,
toilets,-1.3111021999999999,36.79017489999999,
toilets,-1.3112306,36.7902535,
toilets,-1.3123669,36.7914725,
toilets,-1.3127198,36.79172369999999,
toilets,-1.3124914999999997,36.7920827,
toilets,-1.3112616,36.7924408,
toilets,-1.3111178,36.7930366,NYS Toilet
toilets,-1.3107538999999997,36.7924524,
toilets,-1.3106453999999998,36.7922991,
toilets,-1.3109219,36.79245879999999,
toilets,-1.31017,36.7930117,
toilets,-1.3103299999999998,36.7931933,Magoso Primary Ablution Block
toilets,-1.3097883,36.7928767,
toilets,-1.3097,36.7926167,
toilets,-1.3099423999999997,36.7917192,
toilets,-1.3134099999999997,36.7940933,
toilets,-1.3136433,36.7942433,Slum Care
toilets,-1.3133383,36.794008299999994,
toilets,-1.3133622,36.795285799999995,
toilets,-1.3149861999999999,36.7964789,
toilets,-1.3131377999999998,36.796364,All Jamaa Group
toilets,-1.3145767,36.78813,
toilets,-1.31438,36.78825669999999,
toilets,-1.3140149999999997,36.7877483,
toilets,-1.3139917,36.7876067,
toilets,-1.3143832999999998,36.78892499999999,
toilets,-1.3140182999999999,36.7876767,
toilets,-1.3112532999999997,36.7962517,Laini Saba Jua Kali
toilets,-1.3116733,36.7953967,Capital One Toilet
toilets,-1.3111149999999998,36.795315,Capital One Toilet
toilets,-1.3112370999999998,36.78780799999999,
toilets,-1.3129683,36.7945845,
toilets,-1.3112536999999997,36.7950824,
toilets,-1.3112764999999997,36.792755299999996,
school,-1.3095805,36.7939243,Goodnews Academy
school,-1.3084518999999997,36.78484209999999,Optimist Educational Centre
school,-1.3082544,36.78481059999999,St Batholomew
school,-1.3142993,36.79352839999999,Emuhaya Rescue Rentre
school,-1.3083863999999998,36.784839899999994,Optimist Educational Centre
school,-1.3148996999999998,36.7846516,Oloos Student Centre
school,-1.3175577000000003,36.7830585,KidStar Academy
school,-1.311009,36.7869611,Kibera Girls Soccer Academy
water_point,-1.3143167,36.783975,Water Tank
water_point,-1.3150667,36.783391699999996,Water tap
water_point,-1.3148949999999997,36.7833983,Water tap
water_point,-1.3142699999999998,36.784221699999996,Water Tap
water_point,-1.3144183,36.784015,Water Tank
water_point,-1.314658,36.7832928,Water Tap
water_point,-1.3144832999999998,36.784605,Water Tank
water_point,-1.3143682999999997,36.7838967,Water Tap
water_point,-1.314255,36.7845767,Water Tank
water_point,-1.3143482999999998,36.7841917,Water Tank
water_point,-1.3146332999999997,36.784965,Water Tap
water_point,-1.3156,36.783745,Water Tap
water_point,-1.316365,36.7837367,Water Tank
water_point,-1.3158832999999999,36.7842533,Water Tap
water_point,-1.3157717,36.7833867,Water Tap
water_point,-1.3165317,36.7830033,Water Kiosk
water_point,-1.3120114999999999,36.7832309,Raila Educational Centre
water_point,-1.3123216,36.78356639999999,Raila Educational Centre
water_point,-1.3086765999999999,36.7864268,Kambikuku Self Help Group
water_point,-1.3083596,36.7861536,Cassava Water Tap
water_point,-1.3096485999999998,36.7865529,Water Tank
water_point,-1.3085521,36.7842789,Water Point
water_point,-1.3083918,36.7846217,NYS 10
water_point,-1.3088311,36.78572979999999,Plot Water Tank
water_point,-1.3084431999999997,36.785167099999995,Water Point
water_point,-1.3084696999999998,36.78605679999999,Cassava Water Tank
water_point,-1.3102282999999997,36.78745419999999,Beyond Zero Water Tank
water_point,-1.3094158999999999,36.7871356,Water Tank
water_point,-1.3097054999999997,36.785405499999996,Makina Mosque
water_point,-1.3091631,36.7860444,Water Tank
water_point,-1.3096299,36.7869166,Gaza
water_point,-1.3090321,36.7880039,Makongeni Bank Base
water_point,-1.3097586,36.7880141,Water Tank
water_point,-1.3102585,36.7876208,Plot Water Tank
water_point,-1.3108322,36.7872685,Opposite Masjid Nur Darajani
water_point,-1.3110417,36.7876517,Carpenter Tater Tank
water_point,-1.3108233,36.78769669999999,Masjid Nursing Darajani
water_point,-1.3096536,36.7886848,Sanitation Baze
water_point,-1.3108707,36.78735679999999,Gogo Boys Tank
water_point,-1.3093489,36.7894613,Community Tank
water_point,-1.3092365999999998,36.7888437,Plot Water Tank
water_point,-1.3091644,36.7887762,Water Pipe
water_point,-1.3096243999999997,36.7888541,Plot Water Tank
water_point,-1.3084685999999999,36.788228399999994,Makongeni Plot
water_point,-1.3089366999999998,36.7893209,Community Water Tank
water_point,-1.3084425999999998,36.7881954,Makogeni
water_point,-1.3099432999999998,36.793845,
water_point,-1.3120966999999997,36.7965933,Nairobi Metropolitan Services Water Tower
water_point,-1.3129450000000003,36.79446,Kibera free methodist Piped Water
water_point,-1.3106500000000003,36.79202,
water_point,-1.31132,36.79611,Laini Saba Water Pump
water_point,-1.3110417,36.7947233,Kibera Church of God
water_point,-1.3113983,36.794345,
water_point,-1.3108767,36.7933733,Piped Tap
water_point,-1.3103149999999997,36.7932967,Magoso primary
water_point,-1.3096282999999997,36.79207329999999,
water_point,-1.3124217,36.7965417,
water_point,-1.312665,36.7962367,
water_point,-1.3128582999999998,36.7960283,Ushirika Water Tower
water_point,-1.3128617,36.7960783,
water_point,-1.3127849999999999,36.795423299999996,
water_point,-1.3129067,36.79527,
water_point,-1.3110333000000003,36.79473999999999,
water_point,-1.3115583,36.79369,
water_point,-1.3112017,36.7937133,
water_point,-1.3102517,36.79324669999999,Magoso Primary Water Tank
water_point,-1.3135416999999998,36.7943517,Slumcare Piped Tap
water_point,-1.3134982999999998,36.7945733,
water_point,-1.3128217,36.795085,Piped Tap
water_point,-1.313005,36.7943917,Kibera Free Methodist Water Tank
water_point,-1.3116282999999997,36.793045,Gyff Water Tank
water_point,-1.31174,36.79384329999999,Ushirika Water Tank
water_point,-1.3117933,36.7937333,
water_point,-1.3117833,36.7950783,
water_point,-1.3115299999999999,36.795384999999996,Capital One
water_point,-1.311735,36.79598,Glory Secondary School Water Tank
water_point,-1.31113,36.79591829999999,Water Tank
water_point,-1.31119,36.7949358,
water_point,-1.3111867,36.7947867,
water_point,-1.3114599999999998,36.79356330000001,KISEP Water Tank
water_point,-1.3101066999999997,36.79316,
water_point,-1.3155219999999999,36.7929956,Water Tank
water_point,-1.3155738999999997,36.7936951,NMS
water_point,-1.317122,36.7929893,Piped water
water_point,-1.3169758,36.7929031,Piped water
water_point,-1.3161937,36.792452999999995,Water
water_point,-1.3148373999999998,36.79407299999999,Water
water_point,-1.3152189999999997,36.79265329999999,Piped water
water_point,-1.3144593999999998,36.79271909999999,Kwa Uwanja
water_point,-1.3135455,36.7881394,Kwa Duka
water_point,-1.3135674999999998,36.7885859,Shofco 19 Water Tank
water_point,-1.3148046,36.7915568,Uwanjani
water_point,-1.3152585,36.7916029,Plot
water_point,-1.3147015,36.7919165,Mosque Water Tank
water_point,-1.3150282,36.7917997,Tank water
water_point,-1.3167450999999997,36.792541299999996,Water tank
water_point,-1.3168941999999997,36.7924539,Water kiosk
water_point,-1.3172324999999998,36.7929589,Water tank
water_point,-1.3171797999999997,36.7925414,Water tank
water_point,-1.3172501,36.79215059999999,Piped tap
water_point,-1.3171381,36.79223729999999,Water tank
water_point,-1.3165101,36.792541099999994,Piped tap
water_point,-1.3163228,36.7922367,Piped tap
water_point,-1.3160317,36.7924287,Water tank
water_point,-1.3156414999999997,36.79192239999999,Water tank
water_point,-1.3154555,36.7921761,Water tank
water_point,-1.3156050999999997,36.792556,Water tank
water_point,-1.3154045,36.7927732,Kibra community water supply
water_point,-1.315006,36.792140999999994,Water tank
water_point,-1.3155601,36.7920289,Kibra community water supply
water_point,-1.3158965,36.791243,Water tank
water_point,-1.3164455999999998,36.79110769999999,Water tank
water_point,-1.3159279999999998,36.7909259,Water tank
water_point,-1.3158614,36.790581499999995,Water tank
water_point,-1.31568,36.79041339999999,Water tank
water_point,-1.3154545,36.7905684,Piped Tap
water_point,-1.3142682999999995,36.7905267,Piped water
water_point,-1.3123471,36.787184499999995,Water Kiosk
water_point,-1.3127049999999998,36.78736409999999,Plot Water
water_point,-1.3130751999999999,36.787292,Baro Water kiosk
water_point,-1.3132317,36.7872086,Kwa Duka
water_point,-1.3132575999999998,36.7871945,Hot shower Water Tank
water_point,-1.3131632999999998,36.7876766,Mama Sammy Piped Water
water_point,-1.3120826,36.7882411,Water Tower
water_point,-1.3118861999999998,36.789819,Uwanjani Piped Water
water_point,-1.3119628,36.7863791,Kwa Rell Piped Water
water_point,-1.3128184999999999,36.7858059,Water Tank
water_point,-1.3126318,36.7858658,Sisi kwa Sisi
water_point,-1.3132765999999998,36.7869476,Water Tank
water_point,-1.313052,36.7872014,Piped Water
water_point,-1.3118660000000002,36.7877528,Piped Water
water_point,-1.3121241999999997,36.7885041,Bamoja Group Water Tank
water_point,-1.3121497,36.7886318,Kwa Barabara Piped Tap
water_point,-1.3118519999999998,36.788954000000004,Water Tank
water_point,-1.3133835,36.78869209999999,Kwa kanisa Piped Tap
water_point,-1.3130034999999998,36.7884448,Plot Water Tank
water_point,-1.3118881,36.7879383,Mtini Piped Water
water_point,-1.3125054,36.78812640000001,Kwa shule
water_point,-1.3129415,36.7879817,Water Kiosk
water_point,-1.3136359999999996,36.7889661,Water Tank
water_point,-1.313222,36.786777099999995,K18 Shofco Water Tank
water_point,-1.3131157,36.786305299999995,School Water Tank
water_point,-1.3126365999999998,36.786660499999996,Water Tank
water_point,-1.3123873000000001,36.78564769999999,Transformer (1)
water_point,-1.3158112,36.7918563,Piped tap
water_point,-1.311493,36.7902818,
water_point,-1.3102631999999999,36.7905137,
water_point,-1.3110159,36.79030699999999,
water_point,-1.3116188999999998,36.790849699999995,
water_point,-1.3122481,36.791443199999996,
water_point,-1.3127049,36.791667499999996,
water_point,-1.3125583,36.7915126,
water_point,-1.3125887,36.79180709999999,
water_point,-1.3117443,36.7916676,
water_point,-1.3122953,36.7919999,
water_point,-1.3120133,36.791945399999996,
water_point,-1.3116418,36.7921335,
water_point,-1.3118654999999997,36.7925941,
water_point,-1.3118464,36.793035399999994,Mashimoni Youth Group
water_point,-1.3165317,36.7830033,
water_point,-1.3146283,36.7832433,
water_point,-1.3148949999999997,36.7833983,
water_point,-1.3152882999999997,36.7847767,Water tank
water_point,-1.3150667,36.783391699999996,Water tap
water_point,-1.3148967,36.78402,
water_point,-1.316365,36.7837367,
water_point,-1.3157717,36.7833867,
water_point,-1.3158832999999999,36.7842533,
water_point,-1.3156,36.783745,
water_point,-1.31508,36.7846517,
water_point,-1.3156083,36.786856699999994,
water_point,-1.3154549999999998,36.7852867,
water_point,-1.31528,36.7856067,
water_point,-1.3157099999999997,36.785915,
water_point,-1.3148933,36.786625,
water_point,-1.3147216999999998,36.78608499999999,NYS Water
water_point,-1.3151632999999998,36.7855917,
water_point,-1.3146332999999997,36.784965,
water_point,-1.314255,36.7845767,
water_point,-1.3144832999999998,36.784605,
water_point,-1.3135766999999998,36.78395999999999,
water_point,-1.3137333,36.784673299999994,
water_point,-1.3138199999999998,36.78495829999999,
water_point,-1.31383,36.7853433,
water_point,-1.3139166999999998,36.7855883,
water_point,-1.3130067,36.78447499999999,
water_point,-1.3123833,36.7846983,
water_point,-1.313365,36.7847767,
water_point,-1.3124032999999997,36.78459,
water_point,-1.3134067,36.78478499999999,
water_point,-1.3130916999999998,36.7849933,
water_point,-1.3131400000000002,36.78502829999999,
water_point,-1.3141099999999997,36.78608669999999,
water_point,-1.3139833,36.785824999999996,
water_point,-1.3138149999999997,36.78547,
water_point,-1.31372,36.7859167,
water_point,-1.3134416999999998,36.7857683,
water_point,-1.3137216999999997,36.7858967,
water_point,-1.3134217,36.78586169999999,
water_point,-1.3145217,36.7867867,
water_point,-1.3143167,36.786423299999996,
water_point,-1.3148082999999997,36.7869633,
water_point,-1.3145633,36.7872567,
water_point,-1.3152517,36.78869000000001,
water_point,-1.3149217,36.78765829999999,
water_point,-1.3150267,36.788805,
water_point,-1.3143217,36.7884733,
water_point,-1.3149649999999997,36.787885,
water_point,-1.3144849999999997,36.78808829999999,
water_point,-1.3152132999999997,36.788961699999994,
water_point,-1.3142533,36.7881967,
water_point,-1.3149016999999998,36.7885167,
water_point,-1.3138966999999997,36.78758,
water_point,-1.3142166999999998,36.78809,
water_point,-1.3143367,36.788813299999994,
water_point,-1.3138349999999999,36.788125,
water_point,-1.3135782999999999,36.7885767,
water_point,-1.3140199999999997,36.7877733,
water_point,-1.3137283,36.787575,
water_point,-1.313285,36.78730829999999,
water_point,-1.3135067,36.7865817,
water_point,-1.3140733,36.78715330000001,
water_point,-1.3141033,36.787146699999994,
water_point,-1.3133799999999998,36.78692,
water_point,-1.31339,36.786809999999996,
water_point,-1.313275,36.7867033,
water_point,-1.3130716999999998,36.7855617,
water_point,-1.31317,36.78594,
water_point,-1.3134817,36.7863083,
water_point,-1.3134717000000002,36.786315,
water_point,-1.313455,36.78628,
water_point,-1.3129317,36.785244999999996,
water_point,-1.3130466999999997,36.785259999999994,
water_point,-1.3084685999999999,36.788228399999994,Makongeni Plot Water
water_point,-1.3108233,36.78769669999999,Masjid Nursing Darajani
water_point,-1.3110417,36.7876517,Carpenter Water Tank
water_point,-1.3102585,36.7876208,
water_point,-1.3098904,36.7880903,Arera Tank
water_point,-1.3102282999999997,36.78745419999999,Beyond Zero
water_point,-1.3124705999999997,36.79263029999999,
water_point,-1.3125429,36.792692699999996,
water_point,-1.3125850000000001,36.7925767,
water_point,-1.3126829,36.7928608,
water_point,-1.3124107,36.793232599999996,
water_point,-1.3116983,36.7930117,
water_point,-1.3115188999999998,36.7929928,
water_point,-1.3114595,36.7930499,
water_point,-1.3114492,36.7932196,
water_point,-1.3107152000000002,36.7924819,
water_point,-1.3106426,36.7923103,
water_point,-1.3105232,36.79224049999999,
water_point,-1.3102708,36.7919182,
water_point,-1.3100075,36.791973999999996,
water_point,-1.3113791999999997,36.7967988,
water_point,-1.3115467,36.7966246,
water_point,-1.3114180999999998,36.7969597,
water_point,-1.3122782,36.7969845,
water_point,-1.311493,36.7902818,
water_point,-1.3102631999999999,36.7905137,
water_point,-1.3112144,36.7917131,
water_point,-1.3117673,36.7926676,
water_point,-1.3128317,36.7929992,
water_point,-1.3112384999999998,36.7928539,
water_point,-1.3149424999999997,36.7964387,
water_point,-1.3154217,36.7966027,
water_point,-1.314847,36.7965315,
water_point,-1.3146615,36.79603639999999,
water_point,-1.3151993,36.7969947,
water_point,-1.3139429,36.7955907,
water_point,-1.3135451,36.7953046,
water_point,-1.3138975,36.795688199999994,
water_point,-1.3136899999999998,36.7955427,Ushirika Water Tank
water_point,-1.3133851,36.7953336,
water_point,-1.3141716,36.795961299999995,
water_point,-1.3133067,36.7952933,
water_point,-1.3122782,36.7969845,
shower,-1.3122333,36.793951699999994,Gyff Bathrooms
shower,-1.3122333,36.793951699999994,Gyff Bathrooms
